<?xml version="1.0" encoding="UTF-8" standalone="yes"?>
<BlockLedger>
<blockRecord>
    <blockID>5ab31dda-9eb1-40cb-97b7-b46c8e821174</blockID>
    <creatingProcess>Process2</creatingProcess>
    <data>Helen Keller 1880.06.27 666-45-6789 Arthritis WarmCloths Aspirin</data>
    <FDOB>1880.06.27</FDOB>
    <fname>Helen</fname>
    <GDiag>Arthritis</GDiag>
    <GRx>Aspirin</GRx>
    <GTreat>WarmCloths</GTreat>
    <lname>Keller</lname>
    <previousHash>0</previousHash>
    <randomKey>77FA72DC</randomKey>
    <SHA256String>d92e73bcda66b78c53db1bcebb4352a63dfb81875603bc7dd4e42c81417e3a8e</SHA256String>
    <SSNum>666-45-6789</SSNum>
    <signedSHA256>77FA72DC</signedSHA256>
    <verificationProcessID>Process: 2</verificationProcessID>
</blockRecord>

<blockRecord>
    <blockID>a15d20c2-e652-44f9-a2cc-f58c30e1bb2d</blockID>
    <creatingProcess>Process2</creatingProcess>
    <data>Abraham Lincoln 1809.02.12 444-45-6888 GreviousWound Surgery Whiskey</data>
    <FDOB>1809.02.12</FDOB>
    <fname>Abraham</fname>
    <GDiag>GreviousWound</GDiag>
    <GRx>Whiskey</GRx>
    <GTreat>Surgery</GTreat>
    <lname>Lincoln</lname>
    <previousHash>d92e73bcda66b78c53db1bcebb4352a63dfb81875603bc7dd4e42c81417e3a8e</previousHash>
    <randomKey>EST18O4D</randomKey>
    <SHA256String>d20022ee6ac8a9719034184835cfbb06cb4b7604a42da5fbac1d93c07da01e8c</SHA256String>
    <SSNum>444-45-6888</SSNum>
    <signedSHA256>EST18O4D</signedSHA256>
    <verificationProcessID>Process: 2</verificationProcessID>
</blockRecord>

<blockRecord>
    <blockID>2c147e5a-8314-4961-8446-716bf3b25e78</blockID>
    <creatingProcess>Process2</creatingProcess>
    <data>John Kennedy 1917.05.29  333-45-6999 AddisonsDisease DrugTherapy Steroids</data>
    <FDOB>1917.05.29</FDOB>
    <fname>John</fname>
    <GDiag>AddisonsDisease</GDiag>
    <GRx>Steroids</GRx>
    <GTreat>DrugTherapy</GTreat>
    <lname>Kennedy</lname>
    <previousHash>d20022ee6ac8a9719034184835cfbb06cb4b7604a42da5fbac1d93c07da01e8c</previousHash>
    <randomKey>HOVNSKQ4</randomKey>
    <SHA256String>8b3c04054d4e67ce74220bb0253ec653a6281610c52d710195085073b9fdef98</SHA256String>
    <SSNum>333-45-6999</SSNum>
    <signedSHA256>HOVNSKQ4</signedSHA256>
    <verificationProcessID>Process: 2</verificationProcessID>
</blockRecord>

<blockRecord>
    <blockID>ddc32ee4-f7d5-41a5-a263-b7d58de51ebf</blockID>
    <creatingProcess>Process2</creatingProcess>
    <data>Joe DiMaggio 1914.11.25  111-22-3333 SoreKnees RestFromSports Aspirin</data>
    <FDOB>1914.11.25</FDOB>
    <fname>Joe</fname>
    <GDiag>SoreKnees</GDiag>
    <GRx>Aspirin</GRx>
    <GTreat>RestFromSports</GTreat>
    <lname>DiMaggio</lname>
    <previousHash>8b3c04054d4e67ce74220bb0253ec653a6281610c52d710195085073b9fdef98</previousHash>
    <randomKey>C98Z46QE</randomKey>
    <SHA256String>4ec5deb476965c3c74e3826c9ad9c8239040412d1d6a1bc5d51597a97063f345</SHA256String>
    <SSNum>111-22-3333</SSNum>
    <signedSHA256>C98Z46QE</signedSHA256>
    <verificationProcessID>Process: 2</verificationProcessID>
</blockRecord>
</BlockLedger>